Source: CPS Annual Social and Economic (March) Supplement 201903,,,,,,,,,,,,,,,,,,,,,,,,,,,,,,,,,,,,,,,,,,,,,,,,,,,,
Weight used: MARSUPWT,,,,,,,,,,,,,,,,,,,,,,,,,,,,,,,,,,,,,,,,,,,,,,,,,,,,
"Universe: selected geographies: Alabama, Alaska, Arizona, Arkansas, California, Colorado, Connecticut, Delaware, District of Columbia, Florida, Georgia, Hawaii, Idaho, Illinois, Indiana, Iowa, Kansas, Kentucky, Louisiana, Maine, Maryland, Massachusetts, Michigan, Minnesota, Mississippi, Missouri, Montana, Nebraska, Nevada, New Hampshire, New Jersey, New Mexico, New York, North Carolina, North Dakota, Ohio, Oklahoma, Oregon, Pennsylvania, Rhode Island, South Carolina, South Dakota, Tennessee, Texas, Utah, Vermont, Virginia, Washington, West Virginia, Wisconsin, Wyoming; Demographic - race of respondent (PRDTRACE): White Only, Black Only, Asian Only",,,,,,,,,,,,,,,,,,,,,,,,,,,,,,,,,,,,,,,,,,,,,,,,,,,,
,Selected Geographies,,,,,,,,,,,,,,,,,,,,,,,,,,,,,,,,,,,,,,,,,,,,,,,,,,,
"Demographics, Educational attainment (A_HGA)",Total,Alabama,Alaska,Arizona,Arkansas,California,Colorado,Connecticut,Delaware,District of Columbia,Florida,Georgia,Hawaii,Idaho,Illinois,Indiana,Iowa,Kansas,Kentucky,Louisiana,Maine,Maryland,Massachusetts,Michigan,Minnesota,Mississippi,Missouri,Montana,Nebraska,Nevada,New Hampshire,New Jersey,New Mexico,New York,North Carolina,North Dakota,Ohio,Oklahoma,Oregon,Pennsylvania,Rhode Island,South Carolina,South Dakota,Tennessee,Texas,Utah,Vermont,Virginia,Washington,West Virginia,Wisconsin,Wyoming
 -> Total,310632365,4712485,529158,6733811,2827235,37108514,5500450,3302181,941664,667665,20611424,10131029,894826,1711937,12260383,6358937,3042618,2693992,4355416,4361612,1255950,5822134,6648898,9718742,5516835,2851757,5757674,971899,1848168,2687402,1317684,8672767,1754904,18866888,9826021,681705,11144558,3242365,3845552,12229837,1001471,4968879,759433,6482876,27450001,3019650,605267,8073397,7001519,1725401,5601192,536202
 -> Total -> Total Male,152302788,2285227,276139,3401847,1344357,18290815,2776140,1559619,459411,313266,10030157,4893934,443780,855250,6061681,3112170,1517006,1333703,2152216,2086986,610664,2848488,3234073,4793553,2820520,1364483,2803223,479047,912524,1326087,655142,4192430,858823,9181021,4785034,346129,5391737,1606004,1883349,5913904,484593,2377120,373297,3138268,13541644,1523024,295910,3938988,3511761,851433,2796608,270203
 -> Total -> Total Male -> Total Hispanic,28385445,124424,15336,1107114,107505,7170971,594841,280365,45345,34345,2760455,592592,28845,137954,1122338,314385,114538,172255,91902,127274,10383,345868,333284,205760,120453,31603,142938,15935,128092,305797,19463,724243,448840,1723889,505515,7045,174295,237870,224264,423425,83516,146927,16630,221823,5441787,244175,5226,448262,481921,15512,183922,23998
 -> Total -> Total Male -> Total Hispanic -> Total White Only,26645208,113224,12700,1093179,102543,6874084,568346,246029,37752,25725,2610532,526773,16994,135392,1089983,308455,112345,169691,86327,112087,10383,253352,304751,205760,120453,29065,138719,15541,125053,293984,17827,636081,435277,1249482,475835,6745,150417,236693,210737,385911,66100,130215,14686,197576,5316826,240742,5045,429591,478338,13942,183922,23998
Children,6906761,37883,2623,283307,34104,1740079,160568,61447,12035,6179,563939,125667,3289,36918,261154,71892,34028,52674,23135,35370,1645,56966,77018,57784,36664,8272,38419,3485,38550,69952,5732,142537,111060,305073,140902,2847,43958,74359,64385,115208,16323,43792,3859,56489,1435189,80148,2048,120443,145253,4927,49770,7413
Less Than 1st Grade,240721,0,0,2156,1802,69776,7097,0,0,0,3701,0,323,1178,1857,0,0,2651,2704,0,0,0,2404,0,3489,0,0,0,4561,0,0,6858,1789,35487,0,0,0,817,8161,6157,401,891,0,3200,61154,666,0,6834,4607,0,0,0
"1st,2nd,3rd,or 4th grade",516346,2247,261,19792,549,191284,12411,7130,654,1102,20648,6442,0,6080,17765,7578,4099,3645,1403,1209,0,7698,1055,1637,0,1229,0,0,4019,3782,0,12685,2973,11133,10072,0,3310,1801,3085,6718,757,2818,549,5141,95714,1042,0,13054,14266,0,7385,124
5th Or 6th Grade,1232216,5693,0,34541,6917,390376,27892,11005,4064,379,60100,35639,675,10370,58936,2727,4603,4748,1500,2057,0,26237,4604,9824,7615,851,2206,0,6050,7182,482,11137,9362,48336,36588,0,3128,17006,14321,4100,2950,11317,212,9340,244217,8345,163,34685,34635,320,13363,1418
7th and 8th grade,829355,2463,686,22391,4400,209467,17638,9098,1762,994,45440,39005,0,3805,32368,8674,4127,13628,0,6182,588,4070,9409,0,3146,0,3119,479,5164,10592,375,22421,12695,38537,9693,400,0,5603,5225,14647,3572,4429,793,2670,184813,8536,0,9507,37905,1379,7066,394
9th Grade,1234194,8923,201,48809,2861,296911,39902,2414,1970,1597,81417,25314,677,4117,62887,7729,8724,4923,5477,7467,777,13320,10811,13355,7882,537,8143,620,8489,11295,0,26250,18498,42764,29287,0,9992,15670,10230,20971,1243,3179,248,12046,282708,8377,0,39730,19065,750,5425,212
10th Grade,862768,3667,0,47599,1489,229165,22319,11678,1527,0,71498,27429,0,5987,35617,10904,1963,12797,2535,4621,0,5186,7881,7134,3087,2373,6412,250,5241,3917,2334,13242,12992,33578,23817,0,8886,12513,7817,16381,1957,4365,0,9890,154074,3277,0,6812,13580,0,4386,591
11th Grade,976641,2984,611,61609,3773,255360,35336,4741,1014,1005,63521,20043,779,4218,40476,4467,5290,5584,7981,5335,705,7330,6469,3453,10711,1132,3249,942,5218,12788,0,26615,10515,35218,9839,0,6641,8601,3524,26896,3615,3764,615,2181,217972,9207,0,7282,17802,354,8568,1308
12th Grade No Diploma,655260,2667,222,30064,1675,184727,9583,8104,391,602,48563,21225,0,425,28989,2926,1996,3327,0,611,0,13901,8007,2653,0,2036,2136,170,2380,9972,0,13801,6584,21373,7460,261,4624,6318,6520,13013,2907,6207,0,3327,139247,6283,0,11185,15042,0,3449,307
High school graduate-high school diploma,6327316,22244,3396,264887,24786,1565600,104103,69287,7289,1739,655254,108149,1424,40193,272283,114319,17886,30230,14478,24239,0,62333,85527,58657,26373,4227,38446,4027,27072,75780,2436,180094,119206,283616,112516,2204,42752,65149,41038,86363,19831,36062,3200,58291,1237132,74321,0,89453,84951,1619,57161,5693
Some College But No Degree,2969075,3441,1863,126848,12227,878755,47140,28438,2218,1457,286878,44765,3641,10793,119459,41367,12355,14645,9048,9117,0,22827,40826,27415,11848,4415,13924,2882,13088,49145,1821,50325,63292,170647,33373,848,10171,15625,20734,28991,5294,5055,1204,14731,590315,15778,885,44190,34699,1376,14508,4388
Assc degree-occupation/vocation,525682,645,0,34819,1697,105465,17625,5526,0,554,85541,7678,328,3091,32548,3183,3009,2307,0,2777,2011,0,4877,0,1467,1269,6138,656,392,2883,343,12992,13902,12327,3520,185,2086,1008,4732,5731,0,2003,276,1112,115770,1560,133,1996,12694,330,6035,461
Assc degree-academic program,667182,2421,508,23672,2281,168707,27209,2275,1733,129,117000,5755,1080,3289,11096,1917,2184,4736,0,2668,1470,3382,7577,9123,0,570,0,0,1155,7170,1204,9177,11451,27826,13639,0,0,4488,6319,17825,2306,1310,0,0,138692,2258,180,4179,12224,0,4997,0
"Bachelor's degree (BA,AB,BS)",1959489,10381,1880,76362,2752,439738,31078,17581,2670,4475,354218,36765,4778,4101,93889,17808,5080,9079,14706,7524,1614,23687,20619,9540,6847,1145,14793,1622,3674,20390,2563,83931,25879,114445,38970,0,10287,4981,11570,18590,4944,1563,3730,16426,311411,16615,653,25377,23051,2556,1809,1342
"Master's degree (MA,MS,MENG,MED,MSW,MBA)",540240,6431,449,11969,690,101107,5223,7305,425,3584,108097,19311,0,418,18817,9188,2858,1435,3360,1415,1573,6415,12885,3218,1324,1009,1734,408,0,5790,0,19131,11469,51371,3004,0,1551,1969,3076,0,0,2200,0,1107,81913,3609,843,14864,7017,331,0,347
"Professional school degree (MD,DDS,DVM,L",102263,0,0,2805,540,19266,0,0,0,515,24776,0,0,0,1842,3776,944,2130,0,855,0,0,1219,0,0,0,0,0,0,2549,0,1449,871,9901,1535,0,1460,785,0,2061,0,1260,0,0,21724,0,0,0,0,0,0,0
"Doctorate degree (PHD,EDD)",99699,1134,0,1549,0,28301,3222,0,0,1414,19941,3586,0,409,0,0,3199,1152,0,640,0,0,3563,1967,0,0,0,0,0,797,537,3436,2739,7850,1620,0,1571,0,0,2259,0,0,0,1625,4781,720,140,0,1547,0,0,0
 -> Total -> Total Male -> Total Hispanic -> Total Black Only,1484402,11200,1389,13935,4962,160756,26495,30358,7593,7476,144282,65819,1439,1593,24627,5930,2193,0,1907,15187,0,92516,28533,0,0,2538,4219,394,3039,8109,1636,88162,9479,451559,14103,300,23878,1177,3604,29971,17416,16712,1162,24247,107689,2813,181,18671,3583,1570,0,0
Children,414441,7124,0,4400,4218,42645,14651,14735,1895,1668,26292,17680,0,765,5117,1633,0,0,0,6364,0,15720,13742,0,0,1098,0,394,1712,3645,0,24591,7341,97796,4633,300,4192,0,0,15100,4773,5141,903,13913,40880,1521,0,7509,0,350,0,0
Less Than 1st Grade,345,0,0,0,0,0,0,0,0,345,0,0,0,0,0,0,0,0,0,0,0,0,0,0,0,0,0,0,0,0,0,0,0,0,0,0,0,0,0,0,0,0,0,0,0,0,0,0,0,0,0,0
"1st,2nd,3rd,or 4th grade",21251,0,0,0,0,0,0,0,0,0,4934,0,0,0,0,0,0,0,0,0,0,5087,0,0,0,0,0,0,0,0,0,0,0,7506,0,0,0,0,0,0,1045,0,0,0,2679,0,0,0,0,0,0,0
5th Or 6th Grade,33968,0,0,0,0,2227,0,0,0,0,2552,0,0,0,0,0,0,0,0,0,0,5229,0,0,0,0,0,0,0,0,0,4373,0,17387,0,0,0,0,0,0,1134,1066,0,0,0,0,0,0,0,0,0,0
7th and 8th grade,53286,0,0,0,0,8883,0,0,0,0,5464,0,0,0,3094,0,0,0,0,0,0,0,0,0,0,0,0,0,0,0,0,3316,0,17492,0,0,0,0,0,0,0,1570,0,1764,11243,0,0,0,0,460,0,0
9th Grade,85797,0,0,2824,0,2439,0,0,0,706,2284,4349,0,828,0,0,0,0,0,0,0,7860,3001,0,0,0,2303,0,0,1269,0,0,0,48209,0,0,8876,0,0,0,590,0,259,0,0,0,0,0,0,0,0,0
10th Grade,61447,0,0,0,0,2146,0,0,548,0,3411,2314,0,0,0,0,0,0,0,1310,0,3634,0,0,0,0,0,0,0,0,0,0,568,39601,5088,0,0,0,0,0,506,0,0,0,0,0,0,1980,0,341,0,0
11th Grade,65486,0,179,2569,0,10047,0,3135,0,667,8042,1925,0,0,0,0,0,0,0,0,0,5337,0,0,0,681,0,0,0,0,0,0,0,22873,0,0,0,0,0,0,1192,0,0,0,8839,0,0,0,0,0,0,0
12th Grade No Diploma,33639,0,0,0,0,3356,0,0,0,648,1720,0,0,0,0,0,0,0,0,0,0,3619,1343,0,0,0,0,0,0,1269,0,0,0,18729,0,0,0,0,0,0,0,0,0,0,2955,0,0,0,0,0,0,0
High school graduate-high school diploma,331965,0,293,2677,0,44002,4273,8061,3691,703,39658,18634,0,0,4508,2683,0,0,0,2380,0,23790,8914,0,0,0,1916,0,713,1008,430,23012,1043,90752,1698,0,3470,0,0,10004,5029,4037,0,4470,16511,1292,181,0,1713,419,0,0
Some College But No Degree,140947,1083,917,0,0,17068,4820,0,1077,649,24323,7265,809,0,2996,0,0,0,1907,0,0,8477,1533,0,0,759,0,0,614,0,411,8838,527,30342,2684,0,0,1177,0,1898,629,3358,0,0,9504,0,0,5412,1870,0,0,0
Assc degree-occupation/vocation,32672,0,0,1465,0,6775,0,0,0,233,7209,2350,630,0,3460,0,0,0,0,0,0,2861,0,0,0,0,0,0,0,0,0,0,0,2207,0,0,0,0,0,0,539,0,0,2455,2488,0,0,0,0,0,0,0
Assc degree-academic program,42743,0,0,0,744,7949,0,0,0,323,3411,2753,0,0,0,0,0,0,0,0,0,3933,0,0,0,0,0,0,0,0,0,4239,0,16935,0,0,2456,0,0,0,0,0,0,0,0,0,0,0,0,0,0,0
"Bachelor's degree (BA,AB,BS)",136102,2993,0,0,0,9673,2751,0,382,546,10849,8549,0,0,5452,1614,2193,0,0,3922,0,2131,0,0,0,0,0,0,0,918,795,19793,0,39500,0,0,4884,0,0,2969,1979,0,0,0,10439,0,0,3770,0,0,0,0
"Master's degree (MA,MS,MENG,MED,MSW,MBA)",24056,0,0,0,0,0,0,4427,0,428,4133,0,0,0,0,0,0,0,0,1211,0,4838,0,0,0,0,0,0,0,0,0,0,0,2230,0,0,0,0,3604,0,0,1540,0,1645,0,0,0,0,0,0,0,0
"Professional school degree (MD,DDS,DVM,L",395,0,0,0,0,0,0,0,0,395,0,0,0,0,0,0,0,0,0,0,0,0,0,0,0,0,0,0,0,0,0,0,0,0,0,0,0,0,0,0,0,0,0,0,0,0,0,0,0,0,0,0
"Doctorate degree (PHD,EDD)",5862,0,0,0,0,3546,0,0,0,165,0,0,0,0,0,0,0,0,0,0,0,0,0,0,0,0,0,0,0,0,0,0,0,0,0,0,0,0,0,0,0,0,0,0,2151,0,0,0,0,0,0,0
 -> Total -> Total Male -> Total Hispanic -> Total Asian Only,255835,0,1247,0,0,136131,0,3978,0,1144,5641,0,10412,969,7728,0,0,2564,3668,0,0,0,0,0,0,0,0,0,0,3704,0,0,4084,22848,15577,0,0,0,9923,7543,0,0,782,0,17272,620,0,0,0,0,0,0
Children,65335,0,472,0,0,40191,0,1875,0,703,0,0,3233,0,0,0,0,0,0,0,0,0,0,0,0,0,0,0,0,1123,0,0,796,2519,4981,0,0,0,1580,3200,0,0,343,0,4319,0,0,0,0,0,0,0
Less Than 1st Grade,1519,0,0,0,0,1519,0,0,0,0,0,0,0,0,0,0,0,0,0,0,0,0,0,0,0,0,0,0,0,0,0,0,0,0,0,0,0,0,0,0,0,0,0,0,0,0,0,0,0,0,0,0
"1st,2nd,3rd,or 4th grade",2217,0,0,0,0,2217,0,0,0,0,0,0,0,0,0,0,0,0,0,0,0,0,0,0,0,0,0,0,0,0,0,0,0,0,0,0,0,0,0,0,0,0,0,0,0,0,0,0,0,0,0,0
5th Or 6th Grade,2682,0,0,0,0,2250,0,0,0,0,0,0,0,432,0,0,0,0,0,0,0,0,0,0,0,0,0,0,0,0,0,0,0,0,0,0,0,0,0,0,0,0,0,0,0,0,0,0,0,0,0,0
7th and 8th grade,424,0,0,0,0,0,0,0,0,0,0,0,424,0,0,0,0,0,0,0,0,0,0,0,0,0,0,0,0,0,0,0,0,0,0,0,0,0,0,0,0,0,0,0,0,0,0,0,0,0,0,0
9th Grade,6088,0,0,0,0,2963,0,0,0,0,0,0,0,0,0,0,0,0,0,0,0,0,0,0,0,0,0,0,0,0,0,0,796,0,2329,0,0,0,0,0,0,0,0,0,0,0,0,0,0,0,0,0
10th Grade,3601,0,0,0,0,1792,0,0,0,226,0,0,0,0,0,0,0,1583,0,0,0,0,0,0,0,0,0,0,0,0,0,0,0,0,0,0,0,0,0,0,0,0,0,0,0,0,0,0,0,0,0,0
11th Grade,5206,0,0,0,0,4066,0,0,0,0,0,0,0,0,0,0,0,0,0,0,0,0,0,0,0,0,0,0,0,1140,0,0,0,0,0,0,0,0,0,0,0,0,0,0,0,0,0,0,0,0,0,0
12th Grade No Diploma,981,0,0,0,0,0,0,0,0,0,0,0,0,0,0,0,0,981,0,0,0,0,0,0,0,0,0,0,0,0,0,0,0,0,0,0,0,0,0,0,0,0,0,0,0,0,0,0,0,0,0,0
High school graduate-high school diploma,44538,0,0,0,0,22764,0,2103,0,0,0,0,3289,537,0,0,0,0,3668,0,0,0,0,0,0,0,0,0,0,0,0,0,0,4100,5596,0,0,0,1861,0,0,0,0,0,0,620,0,0,0,0,0,0
Some College But No Degree,55834,0,201,0,0,23527,0,0,0,215,0,0,460,0,5083,0,0,0,0,0,0,0,0,0,0,0,0,0,0,0,0,0,406,7871,2671,0,0,0,4435,2043,0,0,439,0,8483,0,0,0,0,0,0,0
Assc degree-occupation/vocation,7744,0,0,0,0,6341,0,0,0,0,0,0,548,0,0,0,0,0,0,0,0,0,0,0,0,0,0,0,0,0,0,0,855,0,0,0,0,0,0,0,0,0,0,0,0,0,0,0,0,0,0,0
Assc degree-academic program,12797,0,0,0,0,8484,0,0,0,0,2013,0,0,0,0,0,0,0,0,0,0,0,0,0,0,0,0,0,0,0,0,0,0,0,0,0,0,0,0,2300,0,0,0,0,0,0,0,0,0,0,0,0
"Bachelor's degree (BA,AB,BS)",38478,0,574,0,0,18425,0,0,0,0,1618,0,1927,0,2645,0,0,0,0,0,0,0,0,0,0,0,0,0,0,1441,0,0,1231,6518,0,0,0,0,2047,0,0,0,0,0,2052,0,0,0,0,0,0,0
"Master's degree (MA,MS,MENG,MED,MSW,MBA)",6268,0,0,0,0,0,0,0,0,0,2010,0,0,0,0,0,0,0,0,0,0,0,0,0,0,0,0,0,0,0,0,0,0,1840,0,0,0,0,0,0,0,0,0,0,2418,0,0,0,0,0,0,0
"Professional school degree (MD,DDS,DVM,L",0,0,0,0,0,0,0,0,0,0,0,0,0,0,0,0,0,0,0,0,0,0,0,0,0,0,0,0,0,0,0,0,0,0,0,0,0,0,0,0,0,0,0,0,0,0,0,0,0,0,0,0
"Doctorate degree (PHD,EDD)",2123,0,0,0,0,1592,0,0,0,0,0,0,531,0,0,0,0,0,0,0,0,0,0,0,0,0,0,0,0,0,0,0,0,0,0,0,0,0,0,0,0,0,0,0,0,0,0,0,0,0,0,0
 -> Total -> Total Male -> Total Non-Hispanic,123917343,2160803,260803,2294733,1236852,11119844,2181299,1279254,414066,278921,7269702,4301342,414935,717296,4939343,2797785,1402468,1161448,2060314,1959712,600281,2502620,2900789,4587793,2700067,1332880,2660285,463112,784432,1020290,635679,3468187,409983,7457132,4279519,339084,5217442,1368134,1659085,5490479,401077,2230193,356667,2916445,8099857,1278849,290684,3490726,3029840,835921,2612686,246205
 -> Total -> Total Male -> Total Non-Hispanic -> Total White Only,96052983,1553891,221863,1967967,1027335,7371391,1996871,1037922,292062,126502,5492813,2487341,150648,701046,3757695,2435547,1309985,1057891,1853417,1275717,583858,1572598,2400410,3727261,2364875,821119,2302703,456710,712325,799393,616182,2483674,386807,5352403,3084134,320179,4398430,1194262,1548334,4602835,356046,1588163,344084,2341327,5751427,1238588,279646,2382544,2497009,797817,2389617,240319
Children,15441990,251193,41241,252153,187978,1036251,290472,166492,43216,13083,700012,441735,14367,136308,600772,431063,251513,200281,338491,234578,88865,259583,353138,617260,384302,162451,400859,82379,131086,110092,91335,400884,36898,861219,454113,60624,771152,203978,214670,719808,51533,260682,69154,424153,942547,295770,40984,396072,374935,131215,377670,41380
Less Than 1st Grade,64094,1982,0,0,0,11713,0,0,0,0,0,0,365,0,4147,0,0,1557,0,0,0,3090,0,3444,1847,0,0,0,371,0,1299,1086,0,4040,7441,202,0,0,0,1613,0,2825,0,5821,4859,2218,1230,0,0,1816,1128,0
"1st,2nd,3rd,or 4th grade",96263,2895,0,0,6873,8197,0,0,0,0,6743,0,0,1133,1943,0,5893,0,2766,0,0,0,2592,0,7311,0,1806,0,0,1809,0,6299,0,0,10079,1202,9056,0,3461,0,0,0,0,6543,3465,657,0,3735,0,651,1154,0
5th Or 6th Grade,188606,5780,0,3504,6402,17086,3670,0,364,0,13350,20793,0,462,8112,2894,0,0,2455,5633,1159,1938,4747,3804,3372,862,7074,0,821,0,1184,0,0,6265,9879,540,6823,0,0,3312,0,3145,906,3947,9734,876,332,7429,11311,8525,0,116
7th and 8th grade,1263153,33741,1900,13399,18684,53128,16196,9776,3485,605,41480,23752,0,11479,42101,62348,21990,15193,40778,35265,5576,12419,17481,26037,27701,18124,35026,5240,17152,4967,10085,31497,575,48752,45222,4457,64145,26603,16866,113751,7490,21098,9260,27207,71809,10311,4455,33044,33332,23337,42757,2077
9th Grade,1585188,35908,2680,16750,22193,72335,20407,15406,1527,397,88018,38961,2456,8829,69802,38663,14332,13067,63670,23265,13798,27041,23133,64493,33432,18008,35760,5046,12301,10972,6546,30736,5451,86607,57764,4189,77945,23911,29107,89012,7955,30487,7436,30570,110069,23632,3187,33024,41418,32994,55538,4960
10th Grade,2070931,32522,3804,39319,36624,127167,23370,18295,8900,1372,87657,60159,750,14197,76737,90202,28044,26033,63283,30707,23204,39803,39838,99638,53745,23439,58524,8844,10254,12699,15331,42605,6182,100195,74835,6456,105951,34813,25303,113273,7374,33771,7935,42686,121501,22318,9348,44965,32755,28471,50579,5154
11th Grade,2343580,51721,2143,24969,37201,114794,47960,34443,11188,1365,125311,51503,2693,14302,114213,58987,23959,28997,63059,29020,17144,36310,51503,128822,59177,28406,86381,7275,18316,14714,15859,66295,5352,113181,56251,7268,137580,37532,32663,133910,10194,34395,5418,53135,108690,34815,4502,41028,63752,29727,60349,5808
12th Grade No Diploma,925482,15282,1575,18637,13708,83051,19717,10149,4858,0,62484,24295,605,2588,25020,18955,5641,8840,13108,18767,5233,3508,9103,46009,27216,20537,24919,6217,7736,4683,4633,11711,5085,53531,38680,2197,58338,15460,15157,26147,3886,24070,4225,22524,62766,16506,4437,14553,14674,7952,14558,1951
High school graduate-high school diploma,22041861,394728,52442,362197,281097,1227804,340268,237174,79687,3913,1366886,660432,29665,165503,742451,690318,357316,215846,598765,325798,172116,339757,534131,926570,491997,186480,555007,118517,152573,196387,158138,501491,83037,1133185,743805,76768,1198713,315329,349755,1248681,88117,363540,75415,623242,1094664,206231,71188,442560,493590,283383,615030,70174
Some College But No Degree,13925135,250016,44866,387088,141552,1175149,317723,117460,32386,5015,730493,322273,23448,130276,630057,339848,145172,168802,253037,176483,81191,187970,293001,574531,260927,121271,312981,75181,108806,186979,78494,325614,72820,600163,446804,44248,600817,195295,251390,455270,38442,209980,41277,333811,1071749,225896,28720,324401,420163,100350,425942,39507
Assc degree-occupation/vocation,3431769,60984,7086,63835,35152,219780,83418,31649,7898,729,164989,72364,4103,27221,159698,78926,89713,48819,68772,58582,30120,21839,41207,131233,202792,41075,89013,22069,40978,30784,17174,51713,21917,98919,116259,26492,140972,34534,50435,149763,7347,66638,28063,71725,184996,42702,8964,47639,119816,19920,176575,14378
Assc degree-academic program,4047819,59086,9658,75043,34338,353331,81646,26913,16349,0,356767,107170,6998,32897,135567,79073,79153,49218,37295,44848,21807,27348,75733,148722,117470,47881,56836,13685,25856,37652,29306,65956,26828,292828,130681,12314,174653,47957,77457,222897,17796,81256,12389,119888,183288,56603,11262,84689,142518,19766,68043,11104
"Bachelor's degree (BA,AB,BS)",18259050,247813,34077,469500,137888,1828762,447136,207034,49984,42366,1175046,411317,36967,107823,681585,352834,219603,181071,198900,192143,81402,344659,572508,616326,496077,103417,431833,77021,125303,114617,127223,640314,66133,1160333,553427,57261,681422,157069,307687,851510,81674,298419,58853,385486,1125062,195582,52375,531817,472261,79348,362970,27812
"Master's degree (MA,MS,MENG,MED,MSW,MBA)",6972486,66241,13214,178994,36864,652710,217520,107547,23783,33822,412315,151867,20253,31154,340730,140767,60662,64440,84841,70577,29440,155875,255607,242950,157446,36979,143611,25053,45284,51507,44749,208615,36113,531184,202539,9410,222595,72840,101761,341663,23848,97202,14917,111475,414424,74248,23778,270274,197656,18156,91224,11762
"Professional school degree (MD,DDS,DVM,L",1476938,24292,1446,21713,13019,163705,42547,29371,5661,16446,64385,48159,3873,6109,73210,20816,4192,10451,10557,10485,4694,45676,48254,35399,18771,8551,24506,4124,7493,9726,2168,41007,5115,126416,73877,3328,58990,9956,23919,60786,4924,24375,4055,32173,109520,14931,6405,45489,25717,3777,20549,1830
"Doctorate degree (PHD,EDD)",1918638,19707,5731,40866,17762,226428,44821,26213,2776,7389,96877,52561,4105,10765,51550,29853,2802,25276,13640,19566,8109,65782,78434,62023,21292,3638,38567,6059,7995,11805,12658,57851,15301,135585,62478,3223,89278,18985,48703,71439,5466,36280,4781,46941,132284,15292,8479,61825,53111,8429,25551,2306
 -> Total -> Total Male -> Total Non-Hispanic -> Total Black Only,18627611,579623,12605,160908,188858,1024123,71469,157849,104150,140839,1480428,1540304,15830,3331,797668,296073,63465,80989,178489,649714,10904,747505,274105,639263,195493,504873,311012,3826,42748,128404,6827,547182,19380,1144718,1015328,14301,645472,136453,45730,665772,21204,603868,7403,523023,1645771,20470,4780,799819,158881,28653,163954,3774
Children,4246806,131894,1612,40069,49357,205472,8808,30763,20619,29499,377424,355222,1307,553,189028,59345,9796,24830,46012,166691,5334,153392,42695,142768,59638,122881,81607,0,12137,44104,2590,104794,3532,222156,233570,3951,175777,31135,8480,154555,6994,138172,3327,100714,371003,0,826,162768,29224,8393,69671,2317
Less Than 1st Grade,51617,1172,0,0,0,2162,0,0,0,786,13463,0,0,0,0,0,0,0,1758,2821,0,0,0,0,9685,0,3418,0,0,0,0,0,0,0,0,0,0,5415,0,6063,0,0,0,4874,0,0,0,0,0,0,0,0
"1st,2nd,3rd,or 4th grade",42266,3816,0,0,771,0,0,0,0,0,3137,7637,0,0,0,0,0,1252,2040,2659,353,0,0,0,0,2007,0,0,0,1616,0,0,0,5657,4032,0,0,2548,0,0,0,1182,0,1220,0,0,0,2339,0,0,0,0
5th Or 6th Grade,53872,3227,0,0,885,2495,0,0,0,200,0,1426,0,0,3227,0,0,1072,0,1847,0,0,4616,6665,0,3762,0,0,1429,2040,0,1621,0,2130,4106,0,0,0,0,1983,0,5794,0,0,1442,0,0,1805,0,0,2100,0
7th and 8th grade,297069,3261,0,2935,3247,10615,0,0,354,1891,29865,10787,0,0,10653,7353,4162,0,1097,21782,0,10325,7268,10142,8807,13903,5086,0,1611,970,0,9133,0,20975,9582,186,11360,1334,0,18228,0,5786,244,22353,20327,0,0,5637,5451,359,0,0
9th Grade,363931,13568,275,0,6991,0,0,1678,2646,2250,22541,27272,0,0,2845,1867,2252,0,6052,9677,0,17080,19459,17868,2238,14954,11228,0,1981,3890,469,6181,0,26031,36821,643,10338,2953,2445,10707,1350,10968,247,5544,41080,0,530,10196,2381,803,5632,0
10th Grade,660116,26058,339,9239,6922,21931,0,0,2463,5743,54727,59525,0,0,19496,25378,1936,4349,12697,37448,0,12739,14269,40610,7336,20868,11625,0,2464,972,409,19211,0,37220,25564,161,12562,5056,0,40795,0,22854,884,15199,29430,0,0,44855,6464,318,0,0
11th Grade,737501,33615,757,10554,7893,19517,0,4676,2956,6575,49652,49800,0,0,29232,18816,4689,4361,4127,43192,1019,43271,10541,27847,0,32923,17894,189,0,7230,0,16021,1273,33353,54776,0,13487,4099,0,26643,0,24372,332,18654,70727,1796,192,29765,0,2926,7759,0
12th Grade No Diploma,380415,18779,0,0,3083,20833,5885,3608,1807,3003,37037,24353,0,0,9084,4403,1324,2130,2259,20228,0,2411,7921,9991,3962,11980,6189,0,1716,5546,0,11562,0,28247,41385,983,6882,3926,2091,6930,843,16718,0,4284,19420,0,0,25740,3872,0,0,0
High school graduate-high school diploma,4970298,194443,3585,30311,54843,220814,19486,68296,33102,39149,332844,458345,2173,1737,189185,79881,21220,19263,45616,175862,700,171205,88577,190066,47207,142514,81444,1959,10050,25079,645,154462,3469,309920,251863,3283,160974,35617,5749,195690,4440,217629,333,174163,399473,4207,1419,220844,34744,6012,36011,395
Some College But No Degree,2692769,69594,3804,26825,26628,203234,10755,22563,14316,15774,144614,173717,6488,479,114966,41410,12391,7624,20820,94244,1726,128015,35247,71227,33872,73997,38856,1400,4922,19895,737,81623,5976,169072,178276,2283,110261,26154,7574,80736,1924,78993,978,72297,311237,6604,645,95558,24869,3771,13220,578
Assc degree-occupation/vocation,529334,14973,0,1558,4991,47388,0,6424,1311,670,48053,49062,963,0,21299,11664,0,1742,1486,15977,0,11520,3184,16975,12742,16459,11415,0,869,956,0,9970,604,25644,16532,409,17019,6718,0,20678,1126,15618,0,24462,54761,1417,0,24033,5354,862,2446,0
Assc degree-academic program,669605,18422,331,4366,4203,33537,6246,4178,4449,1105,78444,63586,3418,0,29763,13107,1057,2114,9619,7589,851,20284,4891,17369,0,13637,5907,0,1479,2584,0,22682,1663,62426,27721,484,39085,1473,4837,29034,1610,16724,226,12845,60747,0,338,24014,7503,1341,2316,0
"Bachelor's degree (BA,AB,BS)",2045538,31739,1659,22792,15015,163821,12031,13663,12777,18491,228676,177321,1481,562,127709,26189,3377,5591,17377,40503,921,116548,22927,64915,8270,22969,19036,278,2066,9942,1977,88195,1324,133464,93917,1219,51247,8807,7363,47225,1388,40342,558,28883,199243,3042,830,104821,21554,2181,19312,0
"Master's degree (MA,MS,MENG,MED,MSW,MBA)",704316,10014,243,7757,2634,66989,8258,0,5881,11413,50762,70145,0,0,37481,6660,0,5919,7529,6299,0,49226,8375,17364,0,10616,13771,0,1395,2764,0,14228,1028,58726,30776,699,22655,1218,1658,16813,1529,6115,274,32928,51631,870,0,38954,17465,1056,3714,484
"Professional school degree (MD,DDS,DVM,L",58779,1173,0,0,0,3547,0,2000,0,1625,2305,4747,0,0,2398,0,1261,742,0,0,0,6492,4135,0,0,802,0,0,629,0,0,3621,0,3851,2362,0,0,0,2364,6254,0,0,0,0,5228,1239,0,2004,0,0,0,0
"Doctorate degree (PHD,EDD)",123379,3875,0,4502,1395,1768,0,0,1469,2665,6884,7359,0,0,11302,0,0,0,0,2895,0,4997,0,5456,1736,601,3536,0,0,816,0,3878,511,5846,4045,0,13825,0,3169,3438,0,2601,0,4603,10022,1295,0,6486,0,631,1773,0
 -> Total -> Total Male -> Total Non-Hispanic -> Total Asian Only,9236749,27289,26335,165858,20659,2724330,112959,83483,17854,11580,296461,273697,248457,12919,383980,66165,29018,22568,28408,34281,5519,182517,226274,221269,139699,6888,46570,2576,29359,92493,12670,437331,3796,960011,180057,4604,173540,37419,65021,221872,23827,38162,5180,52095,702659,19791,6258,308363,373950,9451,59115,2112
Children,1613081,6542,3488,37227,3389,432235,24385,6249,2815,1755,43106,50488,35272,5359,72380,22144,3373,2615,1899,8033,966,23924,29763,42787,31526,720,1682,609,5756,15377,2506,101251,650,169403,44175,1377,39989,8912,12424,28121,2483,8712,610,4925,145251,652,1512,54450,63664,619,5531,0
Less Than 1st Grade,41008,0,349,0,0,8100,3830,0,0,0,0,3046,0,0,0,0,0,0,0,1062,0,2471,0,0,4181,0,2658,0,0,0,0,1163,0,0,0,0,4491,3276,0,0,532,0,0,0,3217,0,208,2424,0,0,0,0
"1st,2nd,3rd,or 4th grade",43016,0,0,0,0,20656,0,0,0,170,2160,0,1237,0,0,4358,0,0,0,987,0,0,0,0,0,0,0,0,0,0,0,0,0,9380,0,0,0,0,0,2331,0,0,0,0,0,0,0,0,1737,0,0,0
5th Or 6th Grade,74222,0,282,0,0,30059,0,0,0,0,2445,3948,1791,0,2356,0,0,0,0,872,0,0,0,0,0,0,0,0,0,1010,0,2247,0,18531,0,231,0,0,0,2360,531,0,0,1513,1965,0,0,2294,1787,0,0,0
7th and 8th grade,133004,1991,311,2798,0,29788,0,0,0,0,2072,5557,2834,0,0,1908,1151,0,0,0,914,0,6469,2170,1986,0,2596,0,0,0,0,6764,0,28291,9083,0,2933,0,1343,3746,0,0,634,0,5709,0,0,1723,10093,0,0,140
9th Grade,133037,0,833,4878,567,42095,0,0,324,0,1905,6216,1495,731,1443,0,0,1486,0,1717,0,1831,3616,7626,0,0,1545,0,0,1012,0,4057,0,30598,0,0,2432,1185,0,0,0,0,0,1409,3844,0,269,1786,7749,388,0,0
10th Grade,169726,1998,876,3167,0,50934,1544,1885,0,196,5075,3490,3463,0,3175,0,0,0,0,571,0,1756,1420,1165,0,734,1827,0,0,1763,1025,12567,0,22377,0,213,11053,0,975,2746,0,1112,281,0,8553,0,0,10492,7380,0,5913,0
11th Grade,164900,0,1344,0,0,47637,1664,0,325,368,12120,8918,3502,0,5368,0,0,0,0,717,0,0,5061,1818,2477,736,3801,0,0,3219,0,13072,0,17162,1382,0,1812,762,2157,10114,396,1112,0,1038,3933,0,0,3589,6707,0,2424,165
12th Grade No Diploma,116604,1383,573,0,0,31238,0,1849,0,0,7603,8494,1903,0,1572,0,0,2282,0,0,0,0,0,0,4459,0,0,0,0,2970,0,1709,0,22479,2385,0,0,0,1057,2275,1046,0,0,979,11749,646,228,4197,3528,0,0,0
High school graduate-high school diploma,1198606,3523,6749,11342,3560,327253,3722,14401,3808,0,43847,60421,60093,944,25152,5311,2437,6202,5621,9770,0,27291,29090,16706,22595,2169,6150,570,2126,19310,2134,39630,540,150540,32967,436,23051,12517,6514,27488,2839,1867,687,2850,66422,0,448,13923,76832,1242,15038,478
Some College But No Degree,966467,1082,5588,14098,0,334136,9983,8766,0,960,35772,28594,41415,1496,26873,9463,3361,1753,7292,3074,1985,14325,11673,25477,18545,647,3142,237,4329,22255,891,42298,694,84356,6161,486,19805,1225,12456,14878,1465,1624,1701,4886,72972,2211,427,20392,35013,391,5647,167
Assc degree-occupation/vocation,162165,0,901,4103,749,69755,0,0,0,0,0,5111,14155,0,9049,0,0,0,0,0,0,0,1587,3482,0,0,0,304,0,1247,0,1950,0,23092,0,0,0,0,0,2432,1370,1447,0,1654,6189,950,210,4836,7367,0,0,225
Assc degree-academic program,278841,0,0,0,0,104772,0,2240,0,272,22840,2136,12899,0,20448,0,1134,0,2352,0,0,2215,3129,0,1685,0,1976,309,1467,4425,0,4179,0,31460,0,501,1759,1287,2875,7412,1944,1171,0,0,14372,939,0,4114,18544,0,3985,0
"Bachelor's degree (BA,AB,BS)",2257345,8204,4282,47968,5281,743295,43560,14846,5493,3008,88401,52832,48493,986,110632,10926,3344,3879,0,1524,0,39838,58940,50461,35334,617,13478,0,7713,10534,2893,115681,448,207488,19535,206,27493,7244,15142,56632,5334,6809,0,22484,181928,6795,1457,87558,69299,2423,6233,394
"Master's degree (MA,MS,MENG,MED,MSW,MBA)",1312899,2566,445,30950,6354,342004,18353,19207,3436,2586,19730,26933,14020,2195,59372,7902,12610,4351,9749,1137,588,51328,48424,51765,13011,1265,7715,547,5148,5651,846,70488,874,99274,44286,508,14524,0,7509,35432,4261,4543,930,2994,127739,2965,866,66182,51246,2358,5510,222
"Professional school degree (MD,DDS,DVM,L",162104,0,0,4681,0,23178,0,2653,427,958,2580,5058,3692,0,10994,1892,0,0,0,0,0,5522,8137,1602,0,0,0,0,1313,803,1365,5281,590,22168,9775,0,8808,0,0,6624,608,4381,0,1240,11994,1103,0,13699,0,813,0,165
"Doctorate degree (PHD,EDD)",409724,0,314,4646,759,87195,5918,11387,1226,1307,6805,2455,2193,1208,35166,2261,1608,0,1495,4817,1066,12016,18965,16210,3900,0,0,0,1507,2917,1010,14994,0,23412,10308,646,15390,1011,2569,19281,1018,5384,337,6123,36822,3530,633,16704,13004,1217,8834,156
 -> Total -> Total Female,158329577,2427258,253019,3331964,1482878,18817699,2724310,1742562,482253,354399,10581267,5237095,451046,856687,6198702,3246767,1525612,1360289,2203200,2274626,645286,2973646,3414825,4925189,2696315,1487274,2954451,492852,935644,1361315,662542,4480337,896081,9685867,5040987,335576,5752821,1636361,1962203,6315933,516878,2591759,386136,3344608,13908357,1496626,309357,4134409,3489758,873968,2804584,265999
 -> Total -> Total Female -> Total Hispanic,28155223,105194,17179,1162292,114733,7103349,584496,291316,41618,37866,2837215,532031,29980,117711,1082813,270219,102987,163719,91668,118062,10782,281951,374640,192473,119399,30654,144087,12407,122060,314701,21139,755193,482647,1666931,465785,8671,175827,222248,225939,471632,88869,143987,13695,224446,5482748,209946,4061,413944,493856,15095,136092,24870
 -> Total -> Total Female -> Total Hispanic -> Total White Only,26296052,98209,15380,1141831,109416,6804116,563712,245042,33990,26772,2671681,455650,16362,117279,1043789,252997,98715,156340,81818,102518,10358,180781,322778,189207,116250,25439,139484,12407,117835,299338,19913,681196,471924,1200370,444694,8185,164540,216990,215080,413270,71780,125433,10875,198490,5357888,203177,4061,386254,480395,13445,133728,24870
Children,6632926,36027,5600,258281,42730,1739098,133786,51839,10528,5386,506773,138104,4992,39188,277648,76434,31433,47717,32336,24801,3494,41334,80094,65417,42059,8180,38675,4102,41855,76168,6577,151730,118339,235511,140049,1821,45710,65337,68045,100719,14549,38834,2077,56072,1397387,66810,1091,76490,127544,4990,41397,7768
Less Than 1st Grade,145500,0,0,3401,1320,53400,0,0,0,0,10279,3945,0,531,3606,3652,0,777,2704,460,0,0,0,0,1940,711,0,0,438,942,0,3167,536,17196,0,0,0,0,4230,0,0,0,0,2481,21508,666,0,1538,6072,0,0,0
"1st,2nd,3rd,or 4th grade",489218,0,275,18977,1981,195453,9708,2016,313,570,24462,6080,0,3505,24194,4412,1021,875,0,0,0,5250,7040,2163,0,759,0,0,4469,2525,426,1461,6429,22851,13213,0,3735,761,5947,3701,1647,3046,0,1012,88067,687,0,13758,4544,0,1885,0
5th Or 6th Grade,1111552,1841,182,53149,3702,373855,12119,9724,3596,1434,87044,18502,0,6907,41579,2638,7562,7606,0,3714,0,3930,5142,6667,10828,1181,0,0,6582,11092,344,27528,13123,63421,27745,0,0,5090,12354,10412,2906,1891,0,4879,207727,5686,0,17596,29963,0,0,311
7th and 8th grade,838695,0,221,29334,2785,206722,25499,7593,379,979,51228,26763,290,3276,31250,10461,4014,7050,1403,1987,0,10739,9672,5053,0,0,5252,0,5854,9814,0,29058,12704,29991,18949,567,5700,7135,2644,28880,2255,4274,0,4680,184073,4055,0,10091,21579,476,12934,1032
9th Grade,1159432,7854,0,61287,2511,304278,25355,12863,396,928,57235,15575,0,4991,36275,10346,6681,8498,4830,1492,597,8255,8219,4064,1577,0,1416,0,6034,15016,0,24005,16354,48689,19182,0,17629,13798,5609,17751,2825,4378,1211,11794,302581,6873,0,27726,26364,659,4490,941
10th Grade,872874,3334,804,51424,1751,183536,29975,10588,1101,319,79242,8000,0,4154,27180,10473,4155,3276,11896,4636,874,11468,4831,5377,1774,0,5533,500,5042,6245,285,20238,16416,48622,12001,239,5613,13114,5646,10072,2681,2527,0,5126,202887,5930,0,16167,21024,380,5774,644
11th Grade,923550,6169,212,48557,5884,227001,17114,17315,346,257,43030,5710,0,6392,53846,12502,3198,7234,4707,3744,779,4634,11714,7798,5402,630,7633,0,5830,9105,509,15253,18050,35940,17781,0,5091,11319,4344,14437,8734,6798,269,3450,218840,6475,365,13987,21667,0,2264,1234
12th Grade No Diploma,556273,998,208,36047,1730,182256,13286,1207,738,463,41502,11409,0,3419,19928,3699,2182,1994,1500,2287,0,0,2753,3342,0,469,0,245,6021,9277,0,7182,9174,23734,10215,261,1795,3215,3887,11843,2411,4115,515,1520,106992,7957,0,6314,7866,0,0,317
High school graduate-high school diploma,5377222,20522,1914,239216,21571,1332210,114843,62215,3658,2042,581677,108417,3787,24440,220271,74069,13931,32987,2996,27992,578,26648,72142,19289,21515,4700,39934,2858,15046,51472,1979,200084,96269,259427,91432,1600,27446,45726,41537,79190,12788,18941,2085,56270,1060420,45400,642,77634,87865,1660,20245,5642
Some College But No Degree,3147555,6571,1019,167226,8661,934028,55376,23541,5905,1628,274704,35282,1889,9183,137562,16411,10622,18048,6207,8448,1235,24926,42480,10010,11084,2932,19628,2899,11838,54589,2506,82950,82200,135671,25699,2211,15380,17084,26070,37550,11322,11816,2009,30671,632752,27064,448,29135,51049,2668,14585,2783
Assc degree-occupation/vocation,708341,0,1375,37750,1435,146238,18949,1300,1084,135,94726,14876,372,2438,47097,3269,3213,7542,2939,3552,732,1890,4797,0,1945,0,3785,0,0,7785,0,6126,14371,26841,6982,0,3974,4865,5397,25145,377,3121,796,1088,170131,4417,0,7436,10143,0,7357,550
Assc degree-academic program,947573,0,0,41843,3271,213318,35160,6697,718,135,199620,14216,1600,909,24521,10040,1007,4042,0,2265,0,4244,9359,13186,0,3252,2933,268,2161,13794,1061,13962,19541,51150,9327,443,4466,8934,7470,17694,3951,0,239,3281,163663,2403,0,8284,12427,383,9098,1237
"Bachelor's degree (BA,AB,BS)",2374961,8093,2193,70737,7233,515476,55662,24067,4875,5492,433244,35500,2132,7204,58833,12640,5706,4791,7916,9945,1421,28659,32375,33729,13159,1865,14695,1345,4545,21811,4933,74658,30948,132429,37079,861,15318,11272,16787,45481,4330,14047,1674,9310,434620,13703,658,48879,38139,1620,11017,1855
"Master's degree (MA,MS,MENG,MED,MSW,MBA)",806232,3131,1377,19947,475,169740,14825,10035,353,5083,125623,13271,1300,742,30187,1951,2960,3903,2384,6021,648,8804,24502,6819,4967,760,0,190,1198,8007,1293,19077,14020,62247,13481,182,10724,5080,4054,6075,1004,4528,0,6856,144702,3594,450,27764,10733,609,0,556
"Professional school degree (MD,DDS,DVM,L",91224,2829,0,1578,0,11202,0,1151,0,670,30217,0,0,0,5636,0,0,0,0,551,0,0,5404,3174,0,0,0,0,0,851,0,1790,2269,5010,1559,0,1959,1915,0,2061,0,0,0,0,10748,650,0,0,0,0,0,0
"Doctorate degree (PHD,EDD)",112924,840,0,3077,2376,16305,2055,2891,0,1251,31075,0,0,0,4176,0,1030,0,0,623,0,0,2254,3119,0,0,0,0,922,845,0,2927,1181,1640,0,0,0,2345,1059,2259,0,7117,0,0,10790,807,407,3455,3416,0,2682,0
 -> Total -> Total Female -> Total Hispanic -> Total Black Only,1577908,6985,565,18197,5317,167845,12668,31979,7628,10474,160371,73927,1597,0,31604,17222,4272,6219,4610,14757,424,101170,49904,3266,0,4060,4603,0,3364,12836,1226,73997,8544,436476,13927,486,11287,5258,0,53197,17089,18554,2381,25956,108769,5726,0,24663,11043,1101,2364,0
Children,417743,2798,0,5047,3317,35987,3291,13370,1616,3644,29624,19058,0,0,9195,9195,1041,0,4610,1574,424,25122,17617,0,0,2444,0,0,1326,4062,430,12151,1584,113861,2729,297,5362,0,0,16330,5886,5479,829,7421,37381,0,0,6495,7146,0,0,0
Less Than 1st Grade,8719,0,0,0,0,0,0,0,0,0,0,0,0,0,0,0,0,0,0,0,0,0,1637,0,0,0,0,0,0,2144,0,0,0,2512,0,0,0,0,0,0,0,0,0,0,0,0,0,2426,0,0,0,0
"1st,2nd,3rd,or 4th grade",16017,0,0,0,0,2227,0,0,0,263,0,2753,0,0,0,0,0,0,0,0,0,5087,0,0,0,0,0,0,0,0,0,0,0,2834,0,0,0,1787,0,0,0,1066,0,0,0,0,0,0,0,0,0,0
5th Or 6th Grade,18283,0,0,0,0,0,0,0,0,0,2233,0,0,0,0,0,0,0,0,0,0,5229,0,0,0,0,0,0,0,0,0,0,0,7548,0,0,0,0,0,0,594,0,0,0,2679,0,0,0,0,0,0,0
7th and 8th grade,51343,0,0,0,0,8614,0,0,0,0,2280,0,0,0,0,0,0,0,0,1115,0,0,0,0,0,0,0,0,0,0,0,0,484,28464,0,0,0,0,0,0,1190,1887,747,0,6225,0,0,0,0,337,0,0
9th Grade,67023,0,0,2963,0,4217,0,0,717,340,4791,1925,0,0,0,0,0,0,0,1115,0,10211,3250,0,0,0,0,0,0,0,0,0,1496,33250,0,0,0,0,0,0,540,1949,259,0,0,0,0,0,0,0,0,0
10th Grade,60862,0,0,2928,628,8130,0,1996,0,0,4460,2650,0,0,5411,0,0,0,0,1002,0,2145,0,0,0,0,0,0,0,1997,0,3131,0,8296,2206,0,3158,0,0,0,1079,0,0,5462,5801,0,0,0,0,382,0,0
11th Grade,57575,0,0,0,0,5274,0,0,0,1212,4559,5213,881,0,0,0,0,0,0,0,0,4839,1615,0,0,0,2299,0,0,0,0,2625,0,20046,2206,0,2767,0,0,0,1665,0,0,2374,0,0,0,0,0,0,0,0
12th Grade No Diploma,35851,0,0,0,628,9778,0,0,0,845,2362,2921,0,0,0,0,0,2130,0,0,0,3406,1343,0,0,0,0,0,0,0,0,0,0,7393,0,0,0,1639,0,0,539,0,0,0,2867,0,0,0,0,0,0,0
High school graduate-high school diploma,291662,0,0,2197,0,32192,6628,7140,1903,1466,49775,15858,716,0,3094,2403,1038,4089,0,4888,0,5129,10435,0,0,0,0,0,1424,908,0,17701,2451,71414,4533,0,0,1832,0,11405,1922,2201,546,6897,14079,2819,0,0,2197,382,0,0
Some College But No Degree,216745,1327,262,0,744,16076,2749,4895,0,1096,26269,16660,0,0,13904,2683,0,0,0,3851,0,12859,3944,0,0,0,0,0,0,1004,0,15314,523,35955,0,0,0,0,0,19648,1333,1699,0,1841,17296,2907,0,10206,1700,0,0,0
Assc degree-occupation/vocation,33753,0,0,2197,0,0,0,2120,0,0,0,2238,0,0,0,0,1127,0,0,0,0,2337,3376,0,0,1616,0,0,0,912,0,0,0,12481,0,0,0,0,0,0,0,0,0,0,0,0,0,2985,0,0,2364,0
Assc degree-academic program,59136,1422,0,0,0,9588,0,0,0,354,7092,0,0,0,0,0,0,0,0,0,0,5254,0,0,0,0,0,0,614,0,0,2969,1009,17608,0,0,0,0,0,0,0,1272,0,1961,9993,0,0,0,0,0,0,0
"Bachelor's degree (BA,AB,BS)",149063,1438,303,0,0,26011,0,0,3392,321,19531,4651,0,0,0,2941,1066,0,0,1212,0,11843,4832,0,0,0,0,0,0,918,796,12732,997,34022,0,0,0,0,0,3012,1045,3001,0,0,12448,0,0,2551,0,0,0,0
"Master's degree (MA,MS,MENG,MED,MSW,MBA)",82451,0,0,2865,0,9751,0,2458,0,683,7395,0,0,0,0,0,0,0,0,0,0,5250,0,3266,0,0,2304,0,0,891,0,5009,0,36039,2253,189,0,0,0,2802,1296,0,0,0,0,0,0,0,0,0,0,0
"Professional school degree (MD,DDS,DVM,L",11682,0,0,0,0,0,0,0,0,250,0,0,0,0,0,0,0,0,0,0,0,2459,1855,0,0,0,0,0,0,0,0,2365,0,4753,0,0,0,0,0,0,0,0,0,0,0,0,0,0,0,0,0,0
"Doctorate degree (PHD,EDD)",0,0,0,0,0,0,0,0,0,0,0,0,0,0,0,0,0,0,0,0,0,0,0,0,0,0,0,0,0,0,0,0,0,0,0,0,0,0,0,0,0,0,0,0,0,0,0,0,0,0,0,0
 -> Total -> Total Female -> Total Hispanic -> Total Asian Only,281263,0,1234,2264,0,131388,8116,14295,0,620,5163,2454,12021,432,7420,0,0,1160,5240,787,0,0,1958,0,3149,1155,0,0,861,2527,0,0,2179,30085,7164,0,0,0,10859,5165,0,0,439,0,16091,1043,0,3027,2418,549,0,0
Children,67858,0,0,0,0,35946,0,2155,0,0,0,0,3446,0,0,0,0,0,5240,787,0,0,0,0,0,0,0,0,861,0,0,0,0,11885,0,0,0,0,1842,2865,0,0,0,0,2831,0,0,0,0,0,0,0
Less Than 1st Grade,1160,0,0,0,0,0,0,0,0,0,0,0,0,0,0,0,0,1160,0,0,0,0,0,0,0,0,0,0,0,0,0,0,0,0,0,0,0,0,0,0,0,0,0,0,0,0,0,0,0,0,0,0
"1st,2nd,3rd,or 4th grade",2217,0,0,0,0,2217,0,0,0,0,0,0,0,0,0,0,0,0,0,0,0,0,0,0,0,0,0,0,0,0,0,0,0,0,0,0,0,0,0,0,0,0,0,0,0,0,0,0,0,0,0,0
5th Or 6th Grade,0,0,0,0,0,0,0,0,0,0,0,0,0,0,0,0,0,0,0,0,0,0,0,0,0,0,0,0,0,0,0,0,0,0,0,0,0,0,0,0,0,0,0,0,0,0,0,0,0,0,0,0
7th and 8th grade,2047,0,0,0,0,0,0,0,0,0,0,0,0,0,0,0,0,0,0,0,0,0,0,0,0,0,0,0,0,0,0,0,0,0,0,0,0,0,2047,0,0,0,0,0,0,0,0,0,0,0,0,0
9th Grade,12361,0,0,0,0,4520,0,0,0,0,0,0,0,0,0,0,0,0,0,0,0,0,1958,0,0,0,0,0,0,0,0,0,0,0,0,0,0,0,0,0,0,0,0,0,2856,0,0,3027,0,0,0,0
10th Grade,15449,0,0,0,0,8647,2710,0,0,0,0,0,920,0,2395,0,0,0,0,0,0,0,0,0,0,0,0,0,0,0,0,0,777,0,0,0,0,0,0,0,0,0,0,0,0,0,0,0,0,0,0,0
11th Grade,6650,0,0,0,0,6218,0,0,0,0,0,0,0,432,0,0,0,0,0,0,0,0,0,0,0,0,0,0,0,0,0,0,0,0,0,0,0,0,0,0,0,0,0,0,0,0,0,0,0,0,0,0
12th Grade No Diploma,367,0,367,0,0,0,0,0,0,0,0,0,0,0,0,0,0,0,0,0,0,0,0,0,0,0,0,0,0,0,0,0,0,0,0,0,0,0,0,0,0,0,0,0,0,0,0,0,0,0,0,0
High school graduate-high school diploma,52071,0,292,0,0,24291,0,10277,0,215,2765,0,3987,0,0,0,0,0,0,0,0,0,0,0,0,0,0,0,0,0,0,0,0,5029,2671,0,0,0,1556,0,0,0,439,0,0,0,0,0,0,549,0,0
Some College But No Degree,40715,0,315,0,0,32711,0,0,0,217,0,0,2211,0,0,0,0,0,0,0,0,0,0,0,0,0,0,0,0,0,0,0,0,2476,0,0,0,0,0,0,0,0,0,0,2785,0,0,0,0,0,0,0
Assc degree-occupation/vocation,9488,0,0,0,0,4158,0,0,0,0,0,0,0,0,0,0,0,0,0,0,0,0,0,0,0,0,0,0,0,1086,0,0,1402,2842,0,0,0,0,0,0,0,0,0,0,0,0,0,0,0,0,0,0
Assc degree-academic program,20253,0,260,0,0,4088,0,1863,0,0,2398,0,0,0,0,0,0,0,0,0,0,0,0,0,0,0,0,0,0,0,0,0,0,0,4493,0,0,0,3808,2300,0,0,0,0,0,1043,0,0,0,0,0,0
"Bachelor's degree (BA,AB,BS)",32846,0,0,2264,0,6489,2459,0,0,188,0,2454,1457,0,2743,0,0,0,0,0,0,0,0,0,3149,0,0,0,0,0,0,0,0,0,0,0,0,0,1606,0,0,0,0,0,7619,0,0,0,2418,0,0,0
"Master's degree (MA,MS,MENG,MED,MSW,MBA)",13570,0,0,0,0,2103,2947,0,0,0,0,0,0,0,2282,0,0,0,0,0,0,0,0,0,0,0,0,0,0,1441,0,0,0,4797,0,0,0,0,0,0,0,0,0,0,0,0,0,0,0,0,0,0
"Professional school degree (MD,DDS,DVM,L",0,0,0,0,0,0,0,0,0,0,0,0,0,0,0,0,0,0,0,0,0,0,0,0,0,0,0,0,0,0,0,0,0,0,0,0,0,0,0,0,0,0,0,0,0,0,0,0,0,0,0,0
"Doctorate degree (PHD,EDD)",4211,0,0,0,0,0,0,0,0,0,0,0,0,0,0,0,0,0,0,0,0,0,0,0,0,1155,0,0,0,0,0,0,0,3056,0,0,0,0,0,0,0,0,0,0,0,0,0,0,0,0,0,0
 -> Total -> Total Female -> Total Non-Hispanic,130174354,2322064,235840,2169672,1368145,11714350,2139814,1451246,440635,316533,7744052,4705064,421066,738976,5115889,2976548,1422625,1196570,2111532,2156564,634504,2691695,3040185,4732716,2576916,1456620,2810364,480445,813584,1046614,641403,3725144,413434,8018936,4575202,326905,5576994,1414113,1736264,5844301,428009,2447772,372441,3120162,8425609,1286680,305296,3720465,2995902,858873,2668492,241129
 -> Total -> Total Female -> Total Non-Hispanic -> Total White Only,99006721,1589181,195774,1832987,1108715,7497776,1920833,1172526,307322,134822,5713417,2649988,121547,717506,3790865,2590949,1333735,1086161,1900456,1328742,619391,1583388,2528126,3810518,2277507,858484,2392756,473945,738693,773415,608690,2657244,384221,5634687,3183010,308701,4646237,1236976,1600508,4854970,375624,1697396,356313,2482345,5892521,1248961,293578,2556799,2460531,824752,2417076,236056
Children,14678359,248996,34929,232702,168528,970727,305764,159287,40004,14866,691526,397988,17374,131899,540786,387835,223968,186456,277400,209477,81831,249558,324069,589062,386266,149853,379182,80960,129580,102862,85783,394925,44369,854498,445133,58280,706737,181374,215702,744600,47615,262539,69276,380570,895557,276421,38643,399508,330416,122846,371012,38820
Less Than 1st Grade,65029,2113,0,0,0,17408,0,0,0,0,0,1871,428,2164,0,0,1007,0,0,0,0,0,3066,4799,0,0,0,483,491,1772,1016,7248,0,2060,0,0,6085,0,1041,0,0,2649,0,5226,0,0,336,0,2450,712,0,604
"1st,2nd,3rd,or 4th grade",68150,2018,338,0,868,8165,3071,2199,0,0,0,2319,0,0,2002,0,0,0,0,847,0,0,2592,1693,0,765,0,0,0,0,0,0,0,3755,3415,359,0,1842,0,3811,2805,2359,0,5184,12574,1566,920,2108,0,368,0,207
5th Or 6th Grade,175938,0,227,1970,2872,34267,7267,2817,0,0,13415,2117,0,0,5203,6405,0,0,5510,2698,607,0,5395,9181,3065,1764,5216,0,1549,0,0,0,849,7795,5924,238,4028,3749,3872,3312,2012,2595,0,9342,13275,0,1365,1902,1529,2312,0,294
7th and 8th grade,1148020,22460,2323,20485,21482,52430,18086,19225,5102,0,32343,29222,977,8071,40751,39028,16000,6841,51981,20116,7789,17901,28156,30059,31555,11548,21137,3940,7399,4759,6032,21963,2816,57499,36277,2958,95676,17520,5368,87628,4046,20035,4674,37744,61467,8949,3927,32212,26519,21133,20335,2076
9th Grade,1529117,40440,3045,16248,26668,65453,33835,15321,4787,412,80438,58252,768,10747,44223,49426,19090,17305,53745,32430,11444,28764,25332,70504,26728,11557,42657,4007,13230,8206,6041,21688,3447,87894,64264,3976,63273,23118,16049,84324,8240,20796,4756,49382,97139,16433,5203,43204,41190,21746,27660,4232
10th Grade,1874685,48733,1254,21322,27719,104904,22627,20526,3740,1187,95320,69172,480,7415,66542,66141,23504,12398,50634,37106,9578,24646,43488,95837,31627,19528,65040,9590,15445,11217,12519,45391,3335,73374,64634,6050,73627,33005,43347,83442,8869,43570,6334,73640,82839,22961,4906,40132,60773,28159,51845,5213
11th Grade,2148068,36273,2587,27793,22442,125014,24260,26005,7066,189,107715,87209,1756,20473,60941,71896,32198,22775,45802,29634,9276,27053,39651,116697,37570,15885,63454,8246,17865,19980,18226,59718,4522,99005,65233,4488,141093,33836,40810,137321,4740,23851,8640,53771,129300,26541,4407,52098,39695,31284,57343,4441
12th Grade No Diploma,837799,16587,2010,23865,14842,87086,7112,11589,3554,0,39615,19501,410,7162,23903,16994,0,6904,24476,7422,3341,17770,18273,33093,21041,15001,12451,5355,2125,4678,4392,18003,2610,50331,33459,2540,47025,14992,9227,9970,4717,17406,4245,24157,50513,20826,3701,37559,14162,8463,12357,984
High school graduate-high school diploma,21535206,403246,35621,372686,310498,1216078,268515,247721,81890,3937,1437035,580514,25201,170518,737172,708489,316936,204014,423756,329796,162037,301524,502731,852935,363148,197673,550849,114984,164262,194943,128603,579947,80383,1167102,620920,57483,1241226,302721,338402,1439967,78914,358518,71493,595988,1129322,220005,58849,483304,424823,275016,545201,58310
Some College But No Degree,14822560,240041,32130,292848,183438,1361400,272109,129275,44752,4260,883474,297513,16655,129694,643641,347409,175193,189086,345615,214862,97942,192792,327713,680034,345509,142272,340066,75012,113899,155857,79071,335119,65144,639606,482948,50069,662612,230676,296416,498272,52009,215189,44963,403309,1076132,220426,39626,300978,406050,106800,300628,42026
Assc degree-occupation/vocation,3746792,61706,7769,63547,32737,287645,67474,30673,8294,776,205752,118741,2480,34072,119278,106532,92307,46238,99957,52457,23706,46888,57936,88672,161008,33532,79522,26530,33451,23936,23892,82699,14347,127207,141416,17038,186379,38402,51329,157687,8553,106526,23310,62380,187558,59960,10642,69317,102059,37117,214300,11058
Assc degree-academic program,5532479,99822,11003,139079,60949,425192,107085,63396,13839,0,390594,162665,7400,37929,176750,163558,94658,52729,104568,44749,35520,57555,153348,232844,149857,60422,111157,20574,34556,43281,41839,113142,28197,291588,227463,17933,218966,58866,91729,272924,25138,127301,25290,117259,251397,69027,16171,104485,221916,33593,109080,14096
"Bachelor's degree (BA,AB,BS)",19564046,218994,41302,393538,165722,1814188,473084,263611,60481,51898,1130972,496985,29316,121713,788182,422582,248975,224031,280254,236509,111168,337269,505142,607864,480156,127509,456306,88264,147005,142225,114849,623027,73522,1221496,670621,64091,780261,200175,325492,834334,69968,333651,66679,429468,1264354,228052,64224,597183,491833,85983,523798,35740
"Master's degree (MA,MS,MENG,MED,MSW,MBA)",9028895,107379,17288,172268,53806,685549,255806,154465,28374,38020,452866,237982,13714,30900,438664,184292,73360,92148,125855,84192,55346,234266,399646,335671,184028,60578,229422,28512,48838,41186,76521,278523,45497,789372,262752,16423,377013,77480,112893,395895,45166,113620,21517,182915,495656,65849,34383,291792,267882,40412,156970,15943
"Professional school degree (MD,DDS,DVM,L",892506,7751,1075,15840,5957,72078,24086,10154,2621,11226,53438,39283,1029,1779,43075,15669,10179,9676,4135,14494,5678,21281,28291,22493,24554,4739,11572,2910,2206,7493,6777,36506,4516,70848,25078,3017,28898,5704,18947,32225,5357,22302,2541,26571,55258,4525,2904,32616,10970,3823,17816,545
"Doctorate degree (PHD,EDD)",1359072,32622,2873,38796,10187,170192,30652,16262,2818,8051,98914,48654,3559,2970,59752,4693,6360,15560,6768,11953,4128,26121,63297,39080,31395,5858,24725,4578,6792,11020,3129,39345,10667,91257,33473,3758,13338,13516,29884,69258,7475,24489,2595,25439,90180,7420,3371,68401,18264,4985,8731,1467
 -> Total -> Total Female -> Total Non-Hispanic -> Total Black Only,21151718,694650,10845,157486,240959,1109799,105522,191049,110293,165203,1719566,1746980,5330,10518,929010,324879,53740,77180,178838,779950,10907,889225,269757,732288,186574,589901,373439,2310,43710,143537,13060,620473,15235,1380012,1216773,11655,777035,143343,42053,732270,26756,704911,9409,581874,1796631,12835,3773,853702,136128,27915,190028,2402
Children,4116127,124650,1538,42100,49868,199456,20610,30653,20633,26379,346950,346906,716,3694,166175,81446,15908,18833,43968,160536,3148,152623,47600,133261,43185,113433,80998,858,9229,37658,4018,108959,2559,212919,231882,4024,170659,30176,8493,150429,5680,129176,3225,111317,350528,7502,1348,145252,43983,5572,64400,1014
Less Than 1st Grade,80203,0,0,0,0,2126,0,0,407,484,22141,4403,0,0,0,0,0,0,0,991,287,0,3980,0,7831,0,3442,0,709,0,0,0,0,2782,2316,0,10311,7553,0,1856,522,994,218,1776,2771,0,0,0,0,342,1961,0
"1st,2nd,3rd,or 4th grade",50712,1119,0,0,0,5944,0,0,0,1068,3879,0,0,0,0,0,2377,0,2040,2984,353,0,1203,2966,2543,695,0,0,0,0,0,0,0,9667,0,110,0,0,1414,2234,0,0,0,0,6319,0,0,0,1534,302,1961,0
5th Or 6th Grade,64258,5446,263,1825,2088,2575,0,0,0,798,4387,3760,0,0,0,0,0,0,0,3250,343,0,1596,0,1925,2574,2053,0,0,0,0,1944,0,10445,7978,232,2854,0,0,0,0,2450,0,3393,0,0,0,2079,0,0,0,0
7th and 8th grade,285228,9709,0,0,1264,4358,2815,0,506,2839,24928,33367,0,575,9210,4400,0,3986,3250,18241,0,10814,4307,11004,2542,11716,0,0,1665,1581,343,14706,0,15938,14417,168,8596,4141,1913,15014,0,9481,0,8965,21629,0,0,6017,0,823,0,0
9th Grade,437059,12591,0,3154,5419,13079,0,0,1368,2464,48792,47629,0,0,17936,1606,2454,1008,5118,25756,465,13580,3928,16168,0,15323,5180,468,1641,1724,439,16646,0,29214,25590,321,8496,0,0,5681,586,10695,247,6791,33358,0,229,34617,7170,1199,8929,0
10th Grade,581739,15711,0,5157,6913,16490,2461,12691,4869,4089,56128,31645,653,564,13147,19647,1922,3851,6356,28512,364,23834,5423,21762,6114,27335,10566,0,2295,4830,0,21571,784,52542,33575,496,15855,1847,1787,15697,575,22330,592,16119,31983,0,0,28047,1662,330,2618,0
11th Grade,774443,34494,663,9266,14070,36725,9775,5876,2548,6029,68966,60438,0,624,35275,16143,3366,4165,5452,42847,0,31052,7216,30893,4563,24837,6803,0,740,1428,343,3216,0,46664,33920,538,45294,2953,1490,25556,853,35244,857,17027,51517,0,0,29542,4555,812,9473,335
12th Grade No Diploma,359145,18167,0,0,727,22755,0,1977,4049,1685,30820,24712,0,0,13927,5095,0,664,3979,21084,828,3634,5046,10407,2019,11864,5427,0,900,1888,0,4192,403,38045,24203,178,12649,1889,0,19265,0,10630,316,6442,30540,0,0,16807,0,0,1932,0
High school graduate-high school diploma,5000839,210331,2888,27417,72356,219642,15886,47414,33410,39903,432101,380726,687,2631,199104,70727,11255,15677,35302,191586,1932,188501,61642,190260,43787,148918,114655,148,10160,32410,3364,160843,2737,321560,274804,1318,142301,41310,14969,227653,4845,188766,2486,140379,396545,0,549,196709,19130,7241,51140,734
Some College But No Degree,3483451,104223,2803,17041,24249,225442,24472,40078,12132,24842,209130,273986,1251,1335,196160,58053,9843,17525,30289,126167,1782,170494,29034,146014,28480,101573,58163,836,6137,31017,908,94063,1282,209166,234068,2032,141437,22047,5126,110705,4974,89214,1184,118762,330996,1291,612,103144,11788,5003,23098,0
Assc degree-occupation/vocation,676721,19038,373,1868,8996,45281,3297,4114,1880,3523,60729,58176,0,0,22450,14139,0,1683,0,28320,319,8812,9485,11101,6279,21205,20934,0,1275,9268,367,11222,633,44026,61821,0,19538,8608,0,16775,519,37025,0,16873,56644,0,0,34851,3404,1870,0,0
Assc degree-academic program,1045577,22228,707,12700,2673,77015,5837,15888,6469,4397,121908,81622,0,0,35011,24158,3285,3376,9798,20616,0,28338,18946,26889,2926,27596,11306,0,676,7944,575,21410,410,85780,61350,1042,62189,5405,1642,30669,1920,31192,0,27033,78776,2534,0,45273,11452,0,4297,319
"Bachelor's degree (BA,AB,BS)",2577911,76685,1364,18539,30735,157615,14665,17874,13711,23838,193860,233055,641,1095,144084,21945,3330,3252,18513,66611,400,144947,50073,69208,25425,47541,29601,0,6947,6497,2281,108423,4535,203456,134819,927,73616,12207,0,55282,4671,89331,0,51328,248108,1508,880,127679,18623,3385,14801,0
"Master's degree (MA,MS,MENG,MED,MSW,MBA)",1333616,33294,246,18419,15534,72599,2910,10621,7475,16972,88328,137407,1382,0,71330,7520,0,3160,10042,35366,686,79712,20278,51827,6817,29615,19647,0,1336,5449,422,46737,1892,82318,64933,269,51212,5207,5219,32005,1015,42090,284,40446,140037,0,155,58032,7625,328,5418,0
"Professional school degree (MD,DDS,DVM,L",117344,1645,0,0,1341,2379,2794,3863,0,4173,2174,12129,0,0,0,0,0,0,0,1999,0,17037,0,2219,2138,2216,0,0,0,1038,0,4346,0,4182,4619,0,2408,0,0,13009,596,0,0,5975,10283,0,0,9212,5202,367,0,0
"Doctorate degree (PHD,EDD)",167345,5319,0,0,4726,6318,0,0,836,1720,4345,17019,0,0,5201,0,0,0,4731,5084,0,15847,0,8309,0,3460,4664,0,0,805,0,2195,0,11308,6478,0,9620,0,0,10440,0,6293,0,9248,6597,0,0,16441,0,341,0,0
 -> Total -> Total Female -> Total Non-Hispanic -> Total Asian Only,10015915,38233,29221,179199,18471,3106775,113459,87671,23020,16508,311069,308096,294189,10952,396014,60720,35150,33229,32238,47872,4206,219082,242302,189910,112835,8235,44169,4190,31181,129662,19653,447427,13978,1004237,175419,6549,153722,33794,93703,257061,25629,45465,6719,55943,736457,24884,7945,309964,399243,6206,61388,2671
Children,1543345,7976,3810,31347,2935,415529,24200,13018,4190,1003,45117,65513,26398,652,83221,9142,7428,6042,9738,9687,0,25926,36398,22629,18976,1041,9282,819,3600,8206,3215,86143,455,143380,22900,688,36206,5827,15979,29157,4125,5711,1235,10332,143413,5509,1350,59947,65307,617,7752,274
Less Than 1st Grade,113354,0,0,0,0,29734,3830,0,0,0,2481,0,0,0,0,2091,0,0,0,1062,0,0,0,2143,10884,0,2658,0,0,0,0,7828,0,30147,0,0,4491,1830,2800,0,1035,0,0,0,7112,0,402,2424,0,402,0,0
"1st,2nd,3rd,or 4th grade",75385,0,0,4624,0,24717,0,0,0,170,10008,0,2137,0,2163,2267,0,2143,0,1102,0,0,3157,0,0,0,0,0,0,2039,0,4392,620,2268,2122,0,0,0,0,2331,0,0,0,0,5587,0,289,0,3249,0,0,0
5th Or 6th Grade,116878,0,730,2842,848,49461,2007,0,0,190,2500,4926,6299,0,2356,2076,0,0,0,0,0,2249,1648,0,0,0,2596,0,0,0,0,0,0,16408,0,213,0,0,2943,0,531,0,0,0,11295,0,0,2294,2466,0,0,0
7th and 8th grade,158986,0,1515,5057,688,44216,3652,0,0,0,6821,4766,3485,0,4431,0,1514,0,0,1958,914,7611,3141,0,0,0,0,0,710,1176,479,4027,474,26111,4078,0,1963,806,2606,9657,0,0,527,1513,5267,497,0,2028,5211,0,2087,0
9th Grade,190191,0,314,8827,0,40371,2599,0,920,0,8276,11426,2198,0,3804,2450,0,1741,0,0,0,2540,5616,3001,0,0,0,0,428,1827,334,10482,0,40695,1756,0,0,1119,0,4660,0,2276,287,0,21294,514,0,3106,7330,0,0,0
10th Grade,228585,2775,856,4407,877,63538,5991,5505,443,349,4938,11969,3345,1007,7467,0,0,1941,0,2930,0,3907,0,5324,4962,0,2007,0,1269,1187,351,4536,0,34266,0,0,4947,972,1151,7419,0,1647,0,0,9724,0,228,8273,13710,0,4154,213
11th Grade,165170,905,1126,4139,0,41663,0,1734,0,0,4575,3447,7730,581,6691,0,1424,0,0,2504,0,2143,4519,4032,2375,678,2992,0,750,1345,0,4700,0,14988,6852,0,3086,1105,0,4868,580,0,0,0,6724,1010,0,15607,10297,0,0,0
12th Grade No Diploma,110971,0,0,2345,0,30332,0,0,0,344,2797,13235,2890,0,0,1890,0,0,0,0,0,7260,3217,0,5097,0,3215,288,0,1012,0,0,0,13910,6695,0,5162,0,0,0,573,0,0,0,8540,0,0,2169,0,0,0,0
High school graduate-high school diploma,1467484,3940,8833,15767,3095,443783,14334,12387,2758,620,52172,63124,73114,2953,37632,9096,1225,5318,1401,5406,1505,19587,25329,31757,17644,3668,2594,285,7358,21797,1719,49556,2005,205997,33119,1080,19910,2903,6638,42225,3844,6063,1625,7863,90287,2957,585,24853,66244,1165,7105,1259
Some College But No Degree,900141,9037,4970,17502,929,351317,7820,6418,1289,224,39225,22861,36213,1592,27382,4823,6991,1689,4804,3577,0,14867,20854,12629,2413,2096,0,254,5950,33244,3173,29712,626,51516,8833,1861,4899,5922,9861,18503,1015,1478,0,10904,42972,1683,678,18455,33909,1225,11946,0
Assc degree-occupation/vocation,194785,1220,840,4103,0,72262,2073,0,0,0,7347,3021,15088,0,7145,0,0,0,0,724,0,0,0,2530,0,0,2357,623,0,4661,1928,2272,780,17864,0,268,2472,0,1601,2424,0,1522,0,0,12782,0,0,2369,17908,404,6197,0
Assc degree-academic program,358945,1472,693,6974,0,116370,0,1514,1299,0,15142,11525,15187,563,10466,0,1107,0,0,0,0,10207,6467,8402,4365,0,3142,290,0,8441,555,16381,1353,36845,3507,216,2542,0,1432,17534,2973,4318,0,0,24861,2405,580,4727,14776,0,0,314
"Bachelor's degree (BA,AB,BS)",2741501,5468,5269,42180,7079,932537,24977,30334,6833,6462,82520,43589,76119,1126,107984,16272,5812,4757,6761,9980,0,68020,64952,48743,30942,0,10823,850,5681,30515,5370,140224,4794,234691,54179,1395,38342,10100,28593,64024,6021,13161,1771,18359,208476,7814,1223,118773,93478,1590,12135,403
"Master's degree (MA,MS,MENG,MED,MSW,MBA)",1200872,5440,265,19038,2020,325538,15378,11845,4504,4424,20120,41388,16759,1551,67991,1936,8565,8646,6365,5282,1066,37302,50547,36991,12881,752,2503,532,3001,10280,941,59489,2220,94434,21754,272,23074,3210,16191,35342,3943,2732,1274,6972,111555,1775,2414,27972,51375,803,10012,208
"Professional school degree (MD,DDS,DVM,L",184440,0,0,7205,0,60919,2089,1351,0,1590,2580,5558,3807,0,6175,4666,1084,952,0,0,0,4899,6548,6097,0,0,0,249,880,1954,482,9415,0,22615,4880,0,0,0,0,7662,0,4677,0,0,7402,0,0,5683,3021,0,0,0
"Doctorate degree (PHD,EDD)",264882,0,0,2842,0,64488,4509,3565,784,1132,4450,1748,3420,927,21106,4011,0,0,3169,3660,721,12564,9909,5632,2296,0,0,0,1554,1978,1106,18270,651,18102,4744,556,6628,0,3908,11255,989,1880,0,0,19166,720,196,11284,10962,0,0,0